{"audio_analysis": [{"bars": {}}, {"beats": {"start": [0.51155, 16.90091, 17.35474, 20.54849, 21.00377, 64.01401, 81.74689, 89.98793, 92.72748, 188.79935, 192.42403, 203.28944, 214.1765, 246.55287, 247.00957, 253.85497, 254.30806, 319.87723, 323.50027], "duration": [0.456, 0.45384, 0.45469, 0.45529, 0.45203, 0.45426, 0.45953, 0.45693, 0.45692, 0.45213, 0.45114, 0.45231, 0.45631, 0.45669, 0.45755, 0.45309, 0.45309, 0.45306, 0.45264], "confidence": [0.942, 0.903, 0.924, 0.9, 0.917, 0.908, 0.902, 0.905, 0.903, 0.913, 0.914, 0.908, 0.901, 0.906, 0.903, 0.906, 0.923, 0.907, 0.9]}}], "audio_features": {"danceability": 0.867, "energy": 0.809, "loudness": -8.473, "speechiness": 0.0684, "acousticness": 0.00337, "instrumentalness": 0.106, "liveness": 0.0545, "valence": 0.714, "tempo": 131.973, "time_signature": 4}, "name": "Ohue - Frankie Francis & Simbad Edit", "artist": ["Sir Victor Uwaifo"], "tags": ["Victor", "Uwaifo", "Sofrito:", "Tropical", "Discotheque", "Ohue"]}